[
  {
    "id": "0d6fab0f-84f8-43c5-a046-36dce2fc1f52",
    "data": [
      {
        "text": "all",
        "userDefined": false
      }
    ],
    "isTemplate": false,
    "count": 0,
    "updated": 0
  },
  {
    "id": "4d059633-a48c-429c-8ab8-cc7ea8f6ae23",
    "data": [
      {
        "text": "show all",
        "userDefined": false
      }
    ],
    "isTemplate": false,
    "count": 0,
    "updated": 0
  },
  {
    "id": "4db16c68-97ff-48f8-914b-080552e47abc",
    "data": [
      {
        "text": "my reminderds",
        "userDefined": false
      }
    ],
    "isTemplate": false,
    "count": 0,
    "updated": 0
  },
  {
    "id": "c8e88855-2804-408a-affa-51f555d79705",
    "data": [
      {
        "text": "geverything",
        "userDefined": false
      }
    ],
    "isTemplate": false,
    "count": 0,
    "updated": 0
  }
]