[
  {
    "id": "5f4047f9-8198-41e6-8888-9153cefde852",
    "data": [
      {
        "text": "delete_all",
        "userDefined": false
      }
    ],
    "isTemplate": false,
    "count": 0
  },
  {
    "id": "5f7c9b33-1b81-4021-96a6-62de8a7c2c7b",
    "data": [
      {
        "text": "remove all",
        "userDefined": false
      }
    ],
    "isTemplate": false,
    "count": 0,
    "updated": 0
  },
  {
    "id": "16c2c636-17c9-4bff-ad75-55e02b258f2b",
    "data": [
      {
        "text": "clear all",
        "userDefined": false
      }
    ],
    "isTemplate": false,
    "count": 0,
    "updated": 0
  },
  {
    "id": "d2c6806d-67ed-467e-b360-223a5087719d",
    "data": [
      {
        "text": "prune",
        "userDefined": false
      }
    ],
    "isTemplate": false,
    "count": 0,
    "updated": 0
  }
]