[
  {
    "id": "ea6316fe-54dd-497c-ac3e-835ae27b12ac",
    "data": [
      {
        "text": "get started",
        "userDefined": false
      }
    ],
    "isTemplate": false,
    "count": 0,
    "updated": 0
  },
  {
    "id": "eb12e901-31ff-494c-a37f-16f41aafdb07",
    "data": [
      {
        "text": "show_menu",
        "userDefined": false
      }
    ],
    "isTemplate": false,
    "count": 0,
    "updated": 0
  },
  {
    "id": "0dea828c-24bf-4681-81d1-8de95cee6ea4",
    "data": [
      {
        "text": "menu",
        "userDefined": false
      }
    ],
    "isTemplate": false,
    "count": 0,
    "updated": 0
  },
  {
    "id": "86641948-397c-41ab-861b-ac4f1c3e1824",
    "data": [
      {
        "text": "get_started",
        "userDefined": false
      }
    ],
    "isTemplate": false,
    "count": 0,
    "updated": 0
  },
  {
    "id": "d961ca86-ad9e-4696-8ef3-53abd209123a",
    "data": [
      {
        "text": "help",
        "userDefined": false
      }
    ],
    "isTemplate": false,
    "count": 0,
    "updated": 0
  }
]