[
  {
    "id": "97dd12da-1636-4d2e-90dc-539b37effd2d",
    "data": [
      {
        "text": "get started",
        "userDefined": false
      }
    ],
    "isTemplate": false,
    "count": 0,
    "updated": 0
  },
  {
    "id": "70c486e6-a1fb-4736-a354-39874e1148be",
    "data": [
      {
        "text": "show_menu",
        "userDefined": false
      }
    ],
    "isTemplate": false,
    "count": 0,
    "updated": 0
  },
  {
    "id": "750e4469-caeb-45fc-86e0-507fac486edd",
    "data": [
      {
        "text": "menu",
        "userDefined": false
      }
    ],
    "isTemplate": false,
    "count": 0,
    "updated": 0
  },
  {
    "id": "e080e06a-3c2c-4088-b434-663b084dbfc6",
    "data": [
      {
        "text": "get_started",
        "userDefined": false
      }
    ],
    "isTemplate": false,
    "count": 0,
    "updated": 0
  },
  {
    "id": "5db7bb25-b737-47b8-adbf-e2bd475ea8d3",
    "data": [
      {
        "text": "help",
        "userDefined": false
      }
    ],
    "isTemplate": false,
    "count": 0,
    "updated": 0
  }
]