[
  {
    "id": "9ccee63d-27c0-4870-8976-93160b221656",
    "data": [
      {
        "text": "reminder_create",
        "userDefined": false
      }
    ],
    "isTemplate": false,
    "count": 0
  },
  {
    "id": "42a9acf5-7f3f-4f7f-9f1d-7f0cb4ed74de",
    "data": [
      {
        "text": "create",
        "userDefined": false
      }
    ],
    "isTemplate": false,
    "count": 0,
    "updated": 0
  },
  {
    "id": "261ea603-4729-484e-87c3-f8041716260e",
    "data": [
      {
        "text": "create reminder",
        "userDefined": false
      }
    ],
    "isTemplate": false,
    "count": 0,
    "updated": 0
  },
  {
    "id": "07d8ac4c-ca19-4e2d-9b3a-fe8f61be4a4a",
    "data": [
      {
        "text": "set",
        "userDefined": false
      }
    ],
    "isTemplate": false,
    "count": 0,
    "updated": 0
  },
  {
    "id": "7d033bf3-72e7-4de1-b030-27523e994f8b",
    "data": [
      {
        "text": "new",
        "userDefined": false
      }
    ],
    "isTemplate": false,
    "count": 0,
    "updated": 0
  },
  {
    "id": "0cddee1c-ab7b-4c03-a397-bd6ddbdcf3b2",
    "data": [
      {
        "text": "remind",
        "userDefined": false
      }
    ],
    "isTemplate": false,
    "count": 0,
    "updated": 0
  }
]