[
  {
    "id": "30b516e9-9a9c-4bc2-939a-f401bde72bc2",
    "data": [
      {
        "text": "text",
        "userDefined": false
      }
    ],
    "isTemplate": false,
    "count": 0
  },
  {
    "id": "799d09ff-54fc-46c0-bb7c-8d70f3235057",
    "data": [
      {
        "text": "type",
        "userDefined": false
      }
    ],
    "isTemplate": false,
    "count": 0
  },
  {
    "id": "cd5aa31f-1d51-4e44-91e4-fa76714fde92",
    "data": [
      {
        "text": "alert",
        "userDefined": false
      }
    ],
    "isTemplate": false,
    "count": 0,
    "updated": 0
  },
  {
    "id": "6cd3f61c-c670-4147-bec3-e0c3f9eadbe8",
    "data": [
      {
        "text": "snooze",
        "userDefined": false
      }
    ],
    "isTemplate": false,
    "count": 0,
    "updated": 0
  },
  {
    "id": "b4f19ea3-5b85-4bd6-b44b-5737d05d8fe4",
    "data": [
      {
        "text": "confirm",
        "userDefined": false
      }
    ],
    "isTemplate": false,
    "count": 0,
    "updated": 0
  },
  {
    "id": "1bdfcea1-0903-4e58-ba3a-d16d00ed117e",
    "data": [
      {
        "text": "save",
        "userDefined": false
      }
    ],
    "isTemplate": false,
    "count": 0,
    "updated": 0
  },
  {
    "id": "4ede6850-1c6f-4395-92d3-22efdee6b5c0",
    "data": [
      {
        "text": "save!",
        "userDefined": false
      }
    ],
    "isTemplate": false,
    "count": 0,
    "updated": 0
  }
]