[
  {
    "id": "3e583387-a19a-4fc7-8857-97c3f5f9cd20",
    "data": [
      {
        "text": "reminder_create",
        "userDefined": false
      }
    ],
    "isTemplate": false,
    "count": 0
  },
  {
    "id": "42748b5c-1474-4aa7-8ab4-76906ae6087c",
    "data": [
      {
        "text": "create",
        "userDefined": false
      }
    ],
    "isTemplate": false,
    "count": 0,
    "updated": 0
  },
  {
    "id": "8e17c294-25e7-42c8-a594-299ed6376724",
    "data": [
      {
        "text": "create reminder",
        "userDefined": false
      }
    ],
    "isTemplate": false,
    "count": 0,
    "updated": 0
  },
  {
    "id": "a150b802-1d7f-4ecb-b442-9078d2294d9f",
    "data": [
      {
        "text": "set",
        "userDefined": false
      }
    ],
    "isTemplate": false,
    "count": 0,
    "updated": 0
  },
  {
    "id": "eeb2322c-9397-46d3-b6e9-eea268180dc7",
    "data": [
      {
        "text": "new",
        "userDefined": false
      }
    ],
    "isTemplate": false,
    "count": 0,
    "updated": 0
  },
  {
    "id": "e97740b1-56d2-4eef-a79a-8f8ab7121a9e",
    "data": [
      {
        "text": "remind",
        "userDefined": false
      }
    ],
    "isTemplate": false,
    "count": 0,
    "updated": 0
  }
]