[
  {
    "id": "e8d58eb2-30bb-40f6-a241-e2d75abf6635",
    "data": [
      {
        "text": "after ",
        "userDefined": false
      },
      {
        "text": "5 min",
        "alias": "duration",
        "meta": "@sys.duration",
        "userDefined": false
      }
    ],
    "isTemplate": false,
    "count": 0
  },
  {
    "id": "16722a9d-9a7b-4b11-bb56-8861e7e3fbb7",
    "data": [
      {
        "text": "in 5 min",
        "alias": "time",
        "meta": "@sys.time",
        "userDefined": false
      }
    ],
    "isTemplate": false,
    "count": 0
  },
  {
    "id": "5cf71872-79ce-47ba-9437-2e4a9922fe16",
    "data": [
      {
        "text": "at ",
        "userDefined": false
      },
      {
        "text": "@sys.time",
        "alias": "time",
        "meta": "@sys.time",
        "userDefined": true
      }
    ],
    "isTemplate": false,
    "count": 0
  },
  {
    "id": "8747193f-61f5-4b5f-85e5-b878391f016e",
    "data": [
      {
        "text": "today at ",
        "userDefined": false
      },
      {
        "text": "@sys.time",
        "alias": "time",
        "meta": "@sys.time",
        "userDefined": true
      }
    ],
    "isTemplate": false,
    "count": 0
  },
  {
    "id": "f04ad04d-501d-4e40-91fc-6028544bb3c1",
    "data": [
      {
        "text": "tomorrow ",
        "userDefined": false
      },
      {
        "text": "@",
        "alias": "date-time",
        "meta": "@sys.date-time",
        "userDefined": true
      },
      {
        "text": "date-time",
        "userDefined": false
      }
    ],
    "isTemplate": false,
    "count": 0
  }
]