[
  {
    "id": "fe29a085-20dc-45ba-8c53-22aaa9c24ed3",
    "data": [
      {
        "text": "show_today",
        "userDefined": false
      }
    ],
    "isTemplate": false,
    "count": 0
  },
  {
    "id": "895dd433-2812-413a-b583-e84360f62322",
    "data": [
      {
        "text": "today",
        "userDefined": false
      }
    ],
    "isTemplate": false,
    "count": 0,
    "updated": 0
  },
  {
    "id": "bcb721c3-708b-49f4-a4a6-3af710de337f",
    "data": [
      {
        "text": "show for today",
        "userDefined": false
      }
    ],
    "isTemplate": false,
    "count": 0,
    "updated": 0
  },
  {
    "id": "7c5e70cc-d7a1-4e85-bb53-2f33a8c73ea8",
    "data": [
      {
        "text": "agenda",
        "userDefined": false
      }
    ],
    "isTemplate": false,
    "count": 0,
    "updated": 0
  }
]